	Ligand_name	Ligand_pose	Ligand_occurrence_in_sdf	Interaction	Ligand_Atom	Ligand_X	Ligand_Y	Ligand_Z	Receptor_Residue_Name	Receptor_Number	Receptor_Chain	Receptor_Atom	Receptor_X	Receptor_Y	Receptor_Z	Distance
0	4V5G	1	1	HB	13	-99.327	-46.188	19.525	G	1405	A	O5'	-99.624	-43.102	17.58	3.65987
1	4V5G	1	1	HB	13	-99.327	-46.188	19.525	G	1405	A	O5'	-99.624	-43.102	17.58	3.65987
2	4V5G	1	1	HB	13	-99.327	-46.188	19.525	G	1405	A	O5'	-99.624	-43.102	17.58	3.65987
3	4V5G	1	1	HB	21	-98.416	-46.993	16.811	G	1405	A	OP1	-98.642	-44.48	15.625	2.78798
4	4V5G	1	1	HB	13	-99.327	-46.188	19.525	G	1405	A	OP2	-100.751	-45.28	16.934	3.09282
5	4V5G	1	1	HB	13	-99.327	-46.188	19.525	G	1405	A	OP2	-100.751	-45.28	16.934	3.09282
6	4V5G	1	1	HB	13	-99.327	-46.188	19.525	G	1405	A	OP2	-100.751	-45.28	16.934	3.09282
7	4V5G	1	1	HB	21	-98.416	-46.993	16.811	G	1405	A	OP2	-100.751	-45.28	16.934	2.89857
8	4V5G	1	1	CA	13	-99.327	-46.188	19.525	G	1405	A	OP1	-98.642	-44.48	15.625	4.31236
9	4V5G	1	1	CA	13	-99.327	-46.188	19.525	G	1405	A	OP2	-100.751	-45.28	16.934	3.09282
10	4V5G	1	1	HB	13	-99.327	-46.188	19.525	U	1406	A	OP2	-97.284	-43.473	21.217	3.79578
11	4V5G	1	1	HB	13	-99.327	-46.188	19.525	U	1406	A	OP2	-97.284	-43.473	21.217	3.79578
12	4V5G	1	1	HB	13	-99.327	-46.188	19.525	U	1406	A	OP2	-97.284	-43.473	21.217	3.79578
13	4V5G	1	1	CA	13	-99.327	-46.188	19.525	U	1406	A	OP2	-97.284	-43.473	21.217	3.79578
14	4V5G	1	1	HB	38	-100.306	-53.479	29.387	A	1408	A	N1	-99.514	-50.623	30.081	3.04395
15	4V5G	1	1	CA	42	-95.093	-51.2	18.959	G	1489	A	OP2	-91.907	-47.455	18.163	4.98089
16	4V5G	1	1	HB	42	-95.093	-51.2	18.959	C	1490	A	OP1	-94.245	-52.188	16.236	3.01827
17	4V5G	1	1	HB	42	-95.093	-51.2	18.959	C	1490	A	OP1	-94.245	-52.188	16.236	3.01827
18	4V5G	1	1	HB	42	-95.093	-51.2	18.959	C	1490	A	OP1	-94.245	-52.188	16.236	3.01827
19	4V5G	1	1	CA	42	-95.093	-51.2	18.959	C	1490	A	OP2	-93.39	-54.065	14.7	5.4081
20	4V5G	1	1	CA	42	-95.093	-51.2	18.959	C	1490	A	OP1	-94.245	-52.188	16.236	3.01827
21	4V5G	1	1	HB	15	-98.884	-56.178	23.921	G	1491	A	O3'	-98.469	-59.577	22.722	3.62809
22	4V5G	1	1	HB	15	-98.884	-56.178	23.921	G	1491	A	O2'	-97.715	-59.134	25.287	3.45983
23	4V5G	1	1	HB	23	-99.574	-56.775	26.643	G	1491	A	O2'	-97.715	-59.134	25.287	3.29538
24	4V5G	1	1	HB	23	-99.574	-56.775	26.643	G	1491	A	N3	-95.943	-56.006	27.05	3.73379
25	4V5G	1	1	HB	34	-96.458	-52.364	22.472	G	1491	A	N7	-94.848	-54.314	24.09	3.00209
26	4V5G	1	1	CA	8	-99.411	-53.574	22.87	G	1491	A	OP2	-96.806	-56.034	18.705	5.49407
27	4V5G	1	1	CA	42	-95.093	-51.2	18.959	G	1491	A	OP2	-96.806	-56.034	18.705	5.13483
28	4V5G	1	1	Lipophilic	14	-99.548	-55.227	24.744	G	1491	A	C2'	-97.481	-58.096	24.378	3.5549
29	4V5G	1	1	Lipophilic	22	-99.219	-55.452	26.261	G	1491	A	C2'	-97.481	-58.096	24.378	3.682
30	4V5G	1	1	Lipophilic	22	-99.219	-55.452	26.261	G	1491	A	C2	-95.678	-55.092	27.977	3.9513
31	4V5G	1	1	Lipophilic	22	-99.219	-55.452	26.261	G	1491	A	C4	-95.587	-55.588	25.821	3.6611
32	4V5G	1	1	HB	15	-98.884	-56.178	23.921	A	1492	A	O5'	-100.753	-59.479	23.687	3.80059
33	4V5G	1	1	HB	15	-98.884	-56.178	23.921	A	1492	A	OP2	-100.045	-57.884	21.888	2.8968
34	4V5G	1	1	CA	8	-99.411	-53.574	22.87	A	1492	A	OP2	-100.045	-57.884	21.888	4.46569
35	4V5G	1	1	HB	17	-103.693	-52.827	26.815	A	1493	A	OP1	-102.794	-55.864	25.491	3.43286
36	4V5G	1	1	HB	17	-103.693	-52.827	26.815	A	1493	A	OP1	-102.794	-55.864	25.491	3.43286
37	4V5G	1	1	HB	17	-103.693	-52.827	26.815	A	1493	A	OP1	-102.794	-55.864	25.491	3.43286
38	4V5G	1	1	HB	23	-99.574	-56.775	26.643	A	1493	A	OP1	-102.794	-55.864	25.491	3.53913
39	4V5G	1	1	HB	23	-99.574	-56.775	26.643	A	1493	A	OP2	-102.204	-57.772	27.13	2.85448
40	4V5G	1	1	CA	8	-99.411	-53.574	22.87	A	1493	A	OP1	-102.794	-55.864	25.491	4.8537
41	4V5G	1	1	CA	17	-103.693	-52.827	26.815	A	1493	A	OP1	-102.794	-55.864	25.491	3.43286
42	4V5G	1	1	CA	17	-103.693	-52.827	26.815	A	1493	A	OP2	-102.204	-57.772	27.13	5.17391
43	4V5G	1	1	HB	17	-103.693	-52.827	26.815	G	1494	A	N7	-102.616	-50.923	28.971	3.0714
44	4V5G	1	1	HB	17	-103.693	-52.827	26.815	G	1494	A	N7	-102.616	-50.923	28.971	3.0714
45	4V5G	1	1	HB	17	-103.693	-52.827	26.815	G	1494	A	N7	-102.616	-50.923	28.971	3.0714
46	4V5G	1	1	HB	38	-100.306	-53.479	29.387	G	1494	A	N7	-102.616	-50.923	28.971	3.4702
47	4V5G	1	1	HB	17	-103.693	-52.827	26.815	G	1494	A	OP1	-105.985	-53.428	27.34	2.42695
48	4V5G	1	1	HB	17	-103.693	-52.827	26.815	G	1494	A	OP1	-105.985	-53.428	27.34	2.42695
49	4V5G	1	1	HB	17	-103.693	-52.827	26.815	G	1494	A	OP1	-105.985	-53.428	27.34	2.42695
50	4V5G	1	1	HB	17	-103.693	-52.827	26.815	G	1494	A	OP2	-104.812	-54.59	29.324	3.26426
51	4V5G	1	1	HB	17	-103.693	-52.827	26.815	G	1494	A	OP2	-104.812	-54.59	29.324	3.26426
52	4V5G	1	1	HB	17	-103.693	-52.827	26.815	G	1494	A	OP2	-104.812	-54.59	29.324	3.26426
53	4V5G	1	1	CA	4	-105.339	-48.556	25.161	G	1494	A	OP1	-105.985	-53.428	27.34	5.37603
54	4V5G	1	1	CA	17	-103.693	-52.827	26.815	G	1494	A	OP1	-105.985	-53.428	27.34	2.42695
55	4V5G	1	1	CA	17	-103.693	-52.827	26.815	G	1494	A	OP2	-104.812	-54.59	29.324	3.26426
56	4V5G	1	1	HB	4	-105.339	-48.556	25.161	U	1495	A	O4	-103.643	-46.686	26.825	3.02361
57	4V5G	1	1	HB	4	-105.339	-48.556	25.161	U	1495	A	O4	-103.643	-46.686	26.825	3.02361
58	4V5G	1	1	HB	4	-105.339	-48.556	25.161	U	1495	A	O4	-103.643	-46.686	26.825	3.02361
59	4V5G	1	1	HB	40	-102.715	-48.108	23.898	U	1495	A	O4	-103.643	-46.686	26.825	3.38387
60	4V5G	1	1	Pi_Cation	42	-95.093	-51.2	18.959	G	1489	A	C4,C5,N7,C8,N9	-89.5958	-51.498	20.2808	5.66173
61	4V5G	1	1	Pi_Cation	8	-99.411	-53.574	22.87	G	1491	A	C4,C5,N7,C8,N9	-95.2764	-55.2138	24.7348	4.823
