POSE	RMSD_NOFIT	Ligand_name	cosine_similarity(RNA+ions+water)	euclidean(RNA+ions+water)	half_square_euclidean(RNA+ions+water)	manhattan(RNA+ions+water)	soergel(RNA+ions+water)	square_euclidean(RNA+ions+water)	tanimoto(RNA+ions+water)	tversky(RNA+ions+water)
1	0.00	23_solution_0^1	1.0	0.01	0.0001	0.0001	0.0001	0.0001	1.0	1.0
2	21.41	HZD^1	0.0001	5.9161	17.5	35.0	1.0	35.0	0.0001	0.0001
3	16.82	HZD^2	0.1252	5.2915	14.0	28.0	0.9333	28.0	0.0667	0.1176
4	18.65	HZD^3	0.0001	5.7446	16.5	33.0	1.0	33.0	0.0001	0.0001
5	12.96	HZD^4	0.4042	4.0	8.0	16.0	0.7619	16.0	0.2381	0.2941
6	23.68	HZD^5	0.0001	5.3852	14.5	29.0	1.0	29.0	0.0001	0.0001
7	24.44	HZD^6	0.0001	5.2915	14.0	28.0	1.0	28.0	0.0001	0.0001
8	20.90	HZD^7	0.0001	5.0	12.5	25.0	1.0	25.0	0.0001	0.0001
9	20.57	HZD^8	0.0001	5.3852	14.5	29.0	1.0	29.0	0.0001	0.0001
10	26.33	HZD^9	0.0001	5.099	13.0	26.0	1.0	26.0	0.0001	0.0001
11	21.08	HZD^10	0.0001	5.0	12.5	25.0	1.0	25.0	0.0001	0.0001
12	24.30	HZD^11	0.0001	5.2915	14.0	28.0	1.0	28.0	0.0001	0.0001
13	22.58	HZD^12	0.0001	5.4772	15.0	30.0	1.0	30.0	0.0001	0.0001
14	22.01	HZD^13	0.0001	5.0	12.5	25.0	1.0	25.0	0.0001	0.0001
15	23.87	HZD^14	0.0001	5.5678	15.5	31.0	1.0	31.0	0.0001	0.0001
16	26.01	HZD^15	0.0626	5.4772	15.0	30.0	0.9677	30.0	0.0323	0.0588
17	23.60	HZD^16	0.0001	4.7958	11.5	23.0	1.0	23.0	0.0001	0.0001
18	16.41	HZD^17	0.1252	5.2915	14.0	28.0	0.9333	28.0	0.0667	0.1176
19	14.64	HZD^18	0.1617	4.6904	11.0	22.0	0.9167	22.0	0.0833	0.1176
20	23.52	HZD^19	0.0001	4.899	12.0	24.0	1.0	24.0	0.0001	0.0001
21	22.23	HZD^20	0.0001	5.3852	14.5	29.0	1.0	29.0	0.0001	0.0001
22	20.15	HZD^21	0.0731	5.099	13.0	26.0	0.963	26.0	0.037	0.0588
23	10.96	HZD^22	0.5636	3.7417	7.0	14.0	0.6087	14.0	0.3913	0.5294
24	22.73	HZD^23	0.0626	5.4772	15.0	30.0	0.9677	30.0	0.0323	0.0588
25	13.50	HZD^24	0.1345	5.099	13.0	26.0	0.9286	26.0	0.0714	0.1176
26	23.28	HZD^25	0.0001	5.099	13.0	26.0	1.0	26.0	0.0001	0.0001
27	16.02	HZD^26	0.0857	4.7958	11.5	23.0	0.9583	23.0	0.0417	0.0588
28	12.98	HZD^27	0.6471	3.4641	6.0	12.0	0.5217	12.0	0.4783	0.6471
29	23.64	HZD^28	0.0001	4.7958	11.5	23.0	1.0	23.0	0.0001	0.0001
30	22.61	HZD^29	0.0001	5.5678	15.5	31.0	1.0	31.0	0.0001	0.0001
31	20.76	HZD^30	0.0001	5.6569	16.0	32.0	1.0	32.0	0.0001	0.0001
32	21.71	HZD^31	0.0001	5.7446	16.5	33.0	1.0	33.0	0.0001	0.0001
33	19.04	HZD^32	0.4042	4.0	8.0	16.0	0.7619	16.0	0.2381	0.2941
34	19.69	HZD^33	0.1463	4.899	12.0	24.0	0.9231	24.0	0.0769	0.1176
35	13.65	HZD^34	0.3656	4.2426	9.0	18.0	0.7826	18.0	0.2174	0.2941
36	20.74	HZD^35	0.0001	5.6569	16.0	32.0	1.0	32.0	0.0001	0.0001
37	22.77	HZD^36	0.0648	5.3852	14.5	29.0	0.9667	29.0	0.0333	0.0588
38	15.29	HZD^37	0.5186	3.873	7.5	15.0	0.6522	15.0	0.3478	0.4706
39	13.42	HZD^38	0.3656	4.2426	9.0	18.0	0.7826	18.0	0.2174	0.2941
40	22.44	HZD^39	0.0001	5.099	13.0	26.0	1.0	26.0	0.0001	0.0001
41	22.37	HZD^40	0.14	5.0	12.5	25.0	0.9259	25.0	0.0741	0.1176
42	22.29	HZD^41	0.0001	5.5678	15.5	31.0	1.0	31.0	0.0001	0.0001
43	19.98	HZD^42	0.0673	5.2915	14.0	28.0	0.9655	28.0	0.0345	0.0588
44	23.13	HZD^43	0.0001	5.099	13.0	26.0	1.0	26.0	0.0001	0.0001
45	22.51	HZD^44	0.0001	5.2915	14.0	28.0	1.0	28.0	0.0001	0.0001
46	23.64	HZD^45	0.0001	5.5678	15.5	31.0	1.0	31.0	0.0001	0.0001
47	18.80	HZD^46	0.0001	4.899	12.0	24.0	1.0	24.0	0.0001	0.0001
48	22.17	HZD^47	0.2018	4.899	12.0	24.0	0.8889	24.0	0.1111	0.1765
49	21.72	HZD^48	0.099	4.5826	10.5	21.0	0.9545	21.0	0.0455	0.0588
50	25.25	HZD^49	0.0001	4.7958	11.5	23.0	1.0	23.0	0.0001	0.0001
51	23.74	HZD^50	0.0001	5.4772	15.0	30.0	1.0	30.0	0.0001	0.0001
52	21.49	HZD^51	0.0731	5.099	13.0	26.0	0.963	26.0	0.037	0.0588
53	21.27	HZD^52	0.0001	5.7446	16.5	33.0	1.0	33.0	0.0001	0.0001
54	24.01	HZD^53	0.0731	5.099	13.0	26.0	0.963	26.0	0.037	0.0588
55	22.54	HZD^54	0.0001	5.3852	14.5	29.0	1.0	29.0	0.0001	0.0001
56	22.21	HZD^55	0.0001	5.5678	15.5	31.0	1.0	31.0	0.0001	0.0001
57	22.92	HZD^56	0.0001	5.4772	15.0	30.0	1.0	30.0	0.0001	0.0001
58	14.00	HZD^57	0.4537	4.1231	8.5	17.0	0.7083	17.0	0.2917	0.4118
59	20.75	HZD^58	0.0731	5.099	13.0	26.0	0.963	26.0	0.037	0.0588
60	18.43	HZD^59	0.0767	5.0	12.5	25.0	0.9615	25.0	0.0385	0.0588
61	21.42	HZD^60	0.0001	5.6569	16.0	32.0	1.0	32.0	0.0001	0.0001
62	14.97	HZD^61	0.5186	3.873	7.5	15.0	0.6522	15.0	0.3478	0.4706
63	23.08	HZD^62	0.0001	5.4772	15.0	30.0	1.0	30.0	0.0001	0.0001
64	28.54	HZD^63	0.0001	4.7958	11.5	23.0	1.0	23.0	0.0001	0.0001
65	22.42	HZD^64	0.0808	4.899	12.0	24.0	0.96	24.0	0.04	0.0588
66	25.56	HZD^65	0.0001	5.099	13.0	26.0	1.0	26.0	0.0001	0.0001
67	17.53	HZD^66	0.0731	5.099	13.0	26.0	0.963	26.0	0.037	0.0588
68	24.91	HZD^67	0.0001	5.4772	15.0	30.0	1.0	30.0	0.0001	0.0001
69	17.32	HZD^68	0.6888	3.1623	5.0	10.0	0.4762	10.0	0.5238	0.6471
70	14.68	HZD^69	0.4537	4.1231	8.5	17.0	0.7083	17.0	0.2917	0.4118
71	23.20	HZD^70	0.0001	5.1962	13.5	27.0	1.0	27.0	0.0001	0.0001
72	20.63	HZD^71	0.0001	5.5678	15.5	31.0	1.0	31.0	0.0001	0.0001
73	22.40	HZD^72	0.0001	5.4772	15.0	30.0	1.0	30.0	0.0001	0.0001
74	21.07	HZD^73	0.0001	5.2915	14.0	28.0	1.0	28.0	0.0001	0.0001
75	26.24	HZD^74	0.0001	5.0	12.5	25.0	1.0	25.0	0.0001	0.0001
76	29.67	HZD^75	0.0001	4.3589	9.5	19.0	1.0	19.0	0.0001	0.0001
77	23.00	HZD^76	0.0673	5.2915	14.0	28.0	0.9655	28.0	0.0345	0.0588
78	22.91	HZD^77	0.0001	5.2915	14.0	28.0	1.0	28.0	0.0001	0.0001
79	24.56	HZD^78	0.0001	4.899	12.0	24.0	1.0	24.0	0.0001	0.0001
80	22.40	HZD^79	0.0001	5.0	12.5	25.0	1.0	25.0	0.0001	0.0001
81	24.34	HZD^80	0.0001	5.1962	13.5	27.0	1.0	27.0	0.0001	0.0001
82	22.63	HZD^81	0.0767	5.0	12.5	25.0	0.9615	25.0	0.0385	0.0588
83	19.66	HZD^82	0.0001	5.3852	14.5	29.0	1.0	29.0	0.0001	0.0001
84	25.39	HZD^83	0.0001	5.4772	15.0	30.0	1.0	30.0	0.0001	0.0001
85	28.56	HZD^84	0.0001	4.899	12.0	24.0	1.0	24.0	0.0001	0.0001
86	26.89	HZD^85	0.0001	4.899	12.0	24.0	1.0	24.0	0.0001	0.0001
87	23.15	HZD^86	0.0001	5.831	17.0	34.0	1.0	34.0	0.0001	0.0001
88	22.63	HZD^87	0.0001	5.2915	14.0	28.0	1.0	28.0	0.0001	0.0001
89	20.26	HZD^88	0.1534	4.7958	11.5	23.0	0.92	23.0	0.08	0.1176
90	20.54	HZD^89	0.0648	5.3852	14.5	29.0	0.9667	29.0	0.0333	0.0588
91	22.32	HZD^90	0.0001	5.3852	14.5	29.0	1.0	29.0	0.0001	0.0001
92	19.25	HZD^91	0.2301	4.5826	10.5	21.0	0.875	21.0	0.125	0.1765
93	19.76	HZD^92	0.0001	5.3852	14.5	29.0	1.0	29.0	0.0001	0.0001
94	22.25	HZD^93	0.14	5.0	12.5	25.0	0.9259	25.0	0.0741	0.1176
95	21.31	HZD^94	0.0001	5.0	12.5	25.0	1.0	25.0	0.0001	0.0001
96	24.77	HZD^95	0.0001	5.5678	15.5	31.0	1.0	31.0	0.0001	0.0001
97	24.52	HZD^96	0.0001	5.099	13.0	26.0	1.0	26.0	0.0001	0.0001
98	18.90	HZD^97	0.1345	5.099	13.0	26.0	0.9286	26.0	0.0714	0.1176
99	24.55	HZD^98	0.0001	4.899	12.0	24.0	1.0	24.0	0.0001	0.0001
100	10.92	HZD^99	0.6063	3.6056	6.5	13.0	0.5652	13.0	0.4348	0.5882
101	22.29	HZD^100	0.0001	5.4772	15.0	30.0	1.0	30.0	0.0001	0.0001
102	18.19	HZD^101	0.5882	3.7417	7.0	14.0	0.5833	14.0	0.4167	0.5882
103	18.81	HZD^102	0.0917	4.6904	11.0	22.0	0.9565	22.0	0.0435	0.0588
104	21.48	HZD^103	0.2691	4.6904	11.0	22.0	0.8462	22.0	0.1538	0.2353
105	25.69	HZD^104	0.0001	5.1962	13.5	27.0	1.0	27.0	0.0001	0.0001
106	25.16	HZD^105	0.0001	4.6904	11.0	22.0	1.0	22.0	0.0001	0.0001
107	9.91	HZD^106	0.5145	3.6056	6.5	13.0	0.6842	13.0	0.3158	0.3529
108	22.25	HZD^107	0.0001	5.7446	16.5	33.0	1.0	33.0	0.0001	0.0001
109	22.99	HZD^108	0.0001	5.2915	14.0	28.0	1.0	28.0	0.0001	0.0001
110	19.98	HZD^109	0.0001	5.5678	15.5	31.0	1.0	31.0	0.0001	0.0001
111	20.54	HZD^110	0.0001	5.099	13.0	26.0	1.0	26.0	0.0001	0.0001
112	13.58	HZD^111	0.2801	4.5826	10.5	21.0	0.84	21.0	0.16	0.2353
113	18.61	HZD^112	0.5636	3.7417	7.0	14.0	0.6087	14.0	0.3913	0.5294
114	25.20	HZD^113	0.0001	5.1962	13.5	27.0	1.0	27.0	0.0001	0.0001
115	24.93	HZD^114	0.0001	5.0	12.5	25.0	1.0	25.0	0.0001	0.0001
116	22.47	HZD^115	0.0001	5.099	13.0	26.0	1.0	26.0	0.0001	0.0001
117	21.26	HZD^116	0.0001	5.6569	16.0	32.0	1.0	32.0	0.0001	0.0001
118	11.84	HZD^117	0.667	3.3166	5.5	11.0	0.5	11.0	0.5	0.6471
119	23.26	HZD^118	0.0001	5.099	13.0	26.0	1.0	26.0	0.0001	0.0001
120	22.25	HZD^119	0.14	5.0	12.5	25.0	0.9259	25.0	0.0741	0.1176
121	21.14	HZD^120	0.07	5.1962	13.5	27.0	0.9643	27.0	0.0357	0.0588
122	19.10	HZD^121	0.0731	5.099	13.0	26.0	0.963	26.0	0.037	0.0588
123	21.84	HZD^122	0.0001	5.1962	13.5	27.0	1.0	27.0	0.0001	0.0001
124	18.02	HZD^123	0.07	5.1962	13.5	27.0	0.9643	27.0	0.0357	0.0588
125	24.21	HZD^124	0.0001	5.099	13.0	26.0	1.0	26.0	0.0001	0.0001
126	21.92	HZD^125	0.1617	4.6904	11.0	22.0	0.9167	22.0	0.0833	0.1176
127	22.81	HZD^126	0.0001	5.4772	15.0	30.0	1.0	30.0	0.0001	0.0001
128	26.47	HZD^127	0.0001	5.099	13.0	26.0	1.0	26.0	0.0001	0.0001
129	24.79	HZD^128	0.0001	4.899	12.0	24.0	1.0	24.0	0.0001	0.0001
130	21.74	HZD^129	0.0001	5.2915	14.0	28.0	1.0	28.0	0.0001	0.0001
131	25.91	HZD^130	0.0001	5.2915	14.0	28.0	1.0	28.0	0.0001	0.0001
132	25.99	HZD^131	0.0001	5.0	12.5	25.0	1.0	25.0	0.0001	0.0001
133	13.06	HZD^132	0.667	3.3166	5.5	11.0	0.5	11.0	0.5	0.6471
134	20.55	HZD^133	0.0857	4.7958	11.5	23.0	0.9583	23.0	0.0417	0.0588
135	23.24	HZD^134	0.0001	5.1962	13.5	27.0	1.0	27.0	0.0001	0.0001
136	25.27	HZD^135	0.0001	5.2915	14.0	28.0	1.0	28.0	0.0001	0.0001
137	15.52	HZD^136	0.2572	4.3589	9.5	19.0	0.8636	19.0	0.1364	0.1765
138	22.87	HZD^137	0.0001	5.0	12.5	25.0	1.0	25.0	0.0001	0.0001
139	24.57	HZD^138	0.0001	5.1962	13.5	27.0	1.0	27.0	0.0001	0.0001
140	23.11	HZD^139	0.0001	5.1962	13.5	27.0	1.0	27.0	0.0001	0.0001
141	24.43	HZD^140	0.0001	5.099	13.0	26.0	1.0	26.0	0.0001	0.0001
142	23.38	HZD^141	0.0001	5.1962	13.5	27.0	1.0	27.0	0.0001	0.0001
143	21.79	HZD^142	0.0001	4.899	12.0	24.0	1.0	24.0	0.0001	0.0001
144	22.58	HZD^143	0.0001	5.099	13.0	26.0	1.0	26.0	0.0001	0.0001
145	23.90	HZD^144	0.0001	5.5678	15.5	31.0	1.0	31.0	0.0001	0.0001
146	9.36	HZD^145	0.667	3.3166	5.5	11.0	0.5	11.0	0.5	0.6471
147	18.76	HZD^146	0.0001	5.5678	15.5	31.0	1.0	31.0	0.0001	0.0001
148	21.86	HZD^147	0.0731	5.099	13.0	26.0	0.963	26.0	0.037	0.0588
149	22.51	HZD^148	0.0001	5.099	13.0	26.0	1.0	26.0	0.0001	0.0001
150	18.60	HZD^149	0.0917	4.6904	11.0	22.0	0.9565	22.0	0.0435	0.0588
151	24.24	HZD^150	0.0001	5.4772	15.0	30.0	1.0	30.0	0.0001	0.0001
152	21.60	HZD^151	0.0001	5.099	13.0	26.0	1.0	26.0	0.0001	0.0001
153	23.19	HZD^152	0.1296	5.1962	13.5	27.0	0.931	27.0	0.069	0.1176
154	21.68	HZD^153	0.0001	5.2915	14.0	28.0	1.0	28.0	0.0001	0.0001
155	16.08	HZD^154	0.0767	5.0	12.5	25.0	0.9615	25.0	0.0385	0.0588
156	24.23	HZD^155	0.0001	5.099	13.0	26.0	1.0	26.0	0.0001	0.0001
157	23.55	HZD^156	0.0001	5.2915	14.0	28.0	1.0	28.0	0.0001	0.0001
158	21.77	HZD^157	0.0001	5.5678	15.5	31.0	1.0	31.0	0.0001	0.0001
159	21.86	HZD^158	0.0001	4.899	12.0	24.0	1.0	24.0	0.0001	0.0001
160	20.81	HZD^159	0.0001	5.1962	13.5	27.0	1.0	27.0	0.0001	0.0001
161	22.79	HZD^160	0.0001	5.4772	15.0	30.0	1.0	30.0	0.0001	0.0001
162	22.48	HZD^161	0.0001	5.1962	13.5	27.0	1.0	27.0	0.0001	0.0001
163	21.91	HZD^162	0.0001	5.3852	14.5	29.0	1.0	29.0	0.0001	0.0001
164	20.73	HZD^163	0.0001	5.3852	14.5	29.0	1.0	29.0	0.0001	0.0001
165	16.53	HZD^164	0.1345	5.099	13.0	26.0	0.9286	26.0	0.0714	0.1176
166	22.51	HZD^165	0.0001	5.099	13.0	26.0	1.0	26.0	0.0001	0.0001
167	27.37	HZD^166	0.0001	4.7958	11.5	23.0	1.0	23.0	0.0001	0.0001
168	23.78	HZD^167	0.0001	5.1962	13.5	27.0	1.0	27.0	0.0001	0.0001
169	22.62	HZD^168	0.0001	5.3852	14.5	29.0	1.0	29.0	0.0001	0.0001
170	15.22	HZD^169	0.4851	3.7417	7.0	14.0	0.7	14.0	0.3	0.3529
171	20.75	HZD^170	0.07	5.1962	13.5	27.0	0.9643	27.0	0.0357	0.0588
172	21.19	HZD^171	0.0001	5.1962	13.5	27.0	1.0	27.0	0.0001	0.0001
173	22.40	HZD^172	0.0001	5.831	17.0	34.0	1.0	34.0	0.0001	0.0001
174	14.85	HZD^173	0.275	4.2426	9.0	18.0	0.8571	18.0	0.1429	0.1765
175	17.24	HZD^174	0.5381	3.7417	7.0	14.0	0.6364	14.0	0.3636	0.4706
176	19.98	HZD^175	0.1715	4.5826	10.5	21.0	0.913	21.0	0.087	0.1176
177	17.90	HZD^176	0.21	4.7958	11.5	23.0	0.8846	23.0	0.1154	0.1765
178	23.81	HZD^177	0.0001	5.3852	14.5	29.0	1.0	29.0	0.0001	0.0001
179	21.28	HZD^178	0.0001	5.099	13.0	26.0	1.0	26.0	0.0001	0.0001
180	24.37	HZD^179	0.0001	5.5678	15.5	31.0	1.0	31.0	0.0001	0.0001
181	20.13	HZD^180	0.0001	5.1962	13.5	27.0	1.0	27.0	0.0001	0.0001
182	21.40	HZD^181	0.0001	5.5678	15.5	31.0	1.0	31.0	0.0001	0.0001
183	25.05	HZD^182	0.0001	5.3852	14.5	29.0	1.0	29.0	0.0001	0.0001
184	23.06	HZD^183	0.0001	5.2915	14.0	28.0	1.0	28.0	0.0001	0.0001
185	23.18	HZD^184	0.0001	5.099	13.0	26.0	1.0	26.0	0.0001	0.0001
186	20.61	HZD^185	0.3068	4.3589	9.5	19.0	0.8261	19.0	0.1739	0.2353
187	16.96	HZD^186	0.3656	4.2426	9.0	18.0	0.7826	18.0	0.2174	0.2941
188	21.47	HZD^187	0.0001	5.0	12.5	25.0	1.0	25.0	0.0001	0.0001
189	24.38	HZD^188	0.0001	4.899	12.0	24.0	1.0	24.0	0.0001	0.0001
190	17.59	HZD^189	0.2593	4.7958	11.5	23.0	0.8519	23.0	0.1481	0.2353
191	24.09	HZD^190	0.0001	4.899	12.0	24.0	1.0	24.0	0.0001	0.0001
192	18.27	HZD^191	0.1296	5.1962	13.5	27.0	0.931	27.0	0.069	0.1176
193	20.61	HZD^192	0.1617	4.6904	11.0	22.0	0.9167	22.0	0.0833	0.1176
194	12.56	HZD^193	0.4602	3.873	7.5	15.0	0.7143	15.0	0.2857	0.3529
195	13.08	HZD^194	0.6054	3.4641	6.0	12.0	0.5714	12.0	0.4286	0.5294
196	21.46	HZD^195	0.0001	5.6569	16.0	32.0	1.0	32.0	0.0001	0.0001
197	21.28	HZD^196	0.1534	4.7958	11.5	23.0	0.92	23.0	0.08	0.1176
198	15.88	HZD^197	0.4388	4.0	8.0	16.0	0.7273	16.0	0.2727	0.3529
199	18.68	HZD^198	0.0917	4.6904	11.0	22.0	0.9565	22.0	0.0435	0.0588
200	19.02	HZD^199	0.0648	5.3852	14.5	29.0	0.9667	29.0	0.0333	0.0588
201	27.19	HZD^200	0.0001	5.1962	13.5	27.0	1.0	27.0	0.0001	0.0001
202	21.21	HZD^201	0.0001	5.3852	14.5	29.0	1.0	29.0	0.0001	0.0001
203	21.91	HZD^202	0.0001	5.1962	13.5	27.0	1.0	27.0	0.0001	0.0001
204	22.43	HZD^203	0.0001	5.0	12.5	25.0	1.0	25.0	0.0001	0.0001
205	25.22	HZD^204	0.0001	5.099	13.0	26.0	1.0	26.0	0.0001	0.0001
206	20.01	HZD^205	0.0001	5.3852	14.5	29.0	1.0	29.0	0.0001	0.0001
207	22.70	HZD^206	0.0001	5.3852	14.5	29.0	1.0	29.0	0.0001	0.0001
208	16.97	HZD^207	0.07	5.1962	13.5	27.0	0.9643	27.0	0.0357	0.0588
209	19.54	HZD^208	0.1879	5.099	13.0	26.0	0.8966	26.0	0.1034	0.1765
210	26.65	HZD^209	0.0001	4.899	12.0	24.0	1.0	24.0	0.0001	0.0001
211	20.59	HZD^210	0.0001	5.4772	15.0	30.0	1.0	30.0	0.0001	0.0001
212	21.36	HZD^211	0.0001	5.2915	14.0	28.0	1.0	28.0	0.0001	0.0001
213	15.82	HZD^212	0.2018	4.899	12.0	24.0	0.8889	24.0	0.1111	0.1765
214	22.98	HZD^213	0.0001	5.1962	13.5	27.0	1.0	27.0	0.0001	0.0001
215	22.29	HZD^214	0.0001	5.099	13.0	26.0	1.0	26.0	0.0001	0.0001
216	22.86	HZD^215	0.0001	5.099	13.0	26.0	1.0	26.0	0.0001	0.0001
217	13.83	HZD^216	0.4851	3.7417	7.0	14.0	0.7	14.0	0.3	0.3529
218	20.93	HZD^217	0.0001	5.1962	13.5	27.0	1.0	27.0	0.0001	0.0001
219	14.44	HZD^218	0.3501	4.3589	9.5	19.0	0.7917	19.0	0.2083	0.2941
220	21.01	HZD^219	0.0001	5.5678	15.5	31.0	1.0	31.0	0.0001	0.0001
221	22.45	HZD^220	0.0648	5.3852	14.5	29.0	0.9667	29.0	0.0333	0.0588
222	24.92	HZD^221	0.0001	5.3852	14.5	29.0	1.0	29.0	0.0001	0.0001
223	22.66	HZD^222	0.0001	4.899	12.0	24.0	1.0	24.0	0.0001	0.0001
224	22.64	HZD^223	0.0001	5.4772	15.0	30.0	1.0	30.0	0.0001	0.0001
225	24.84	HZD^224	0.0001	5.099	13.0	26.0	1.0	26.0	0.0001	0.0001
226	22.80	HZD^225	0.0001	5.3852	14.5	29.0	1.0	29.0	0.0001	0.0001
227	22.61	HZD^226	0.0001	5.3852	14.5	29.0	1.0	29.0	0.0001	0.0001
228	18.52	HZD^227	0.1534	4.7958	11.5	23.0	0.92	23.0	0.08	0.1176
229	25.64	HZD^228	0.0001	5.099	13.0	26.0	1.0	26.0	0.0001	0.0001
230	22.11	HZD^229	0.0648	5.3852	14.5	29.0	0.9667	29.0	0.0333	0.0588
231	17.79	HZD^230	0.1819	5.1962	13.5	27.0	0.9	27.0	0.1	0.1765
232	23.33	HZD^231	0.0001	5.099	13.0	26.0	1.0	26.0	0.0001	0.0001
233	18.03	HZD^232	0.0731	5.099	13.0	26.0	0.963	26.0	0.037	0.0588
234	21.40	HZD^233	0.0001	5.9161	17.5	35.0	1.0	35.0	0.0001	0.0001
235	19.55	HZD^234	0.0917	4.6904	11.0	22.0	0.9565	22.0	0.0435	0.0588
236	20.54	HZD^235	0.0001	5.5678	15.5	31.0	1.0	31.0	0.0001	0.0001
237	23.87	HZD^236	0.0001	5.1962	13.5	27.0	1.0	27.0	0.0001	0.0001
238	22.74	HZD^237	0.0001	4.7958	11.5	23.0	1.0	23.0	0.0001	0.0001
239	20.46	HZD^238	0.0673	5.2915	14.0	28.0	0.9655	28.0	0.0345	0.0588
240	28.78	HZD^239	0.0001	4.7958	11.5	23.0	1.0	23.0	0.0001	0.0001
241	17.42	HZD^240	0.1252	5.2915	14.0	28.0	0.9333	28.0	0.0667	0.1176
242	10.01	HZD^241	0.7001	3.0	4.5	9.0	0.4737	9.0	0.5263	0.5882
243	19.70	HZD^242	0.0648	5.3852	14.5	29.0	0.9667	29.0	0.0333	0.0588
244	23.47	HZD^243	0.0001	5.6569	16.0	32.0	1.0	32.0	0.0001	0.0001
245	25.38	HZD^244	0.0001	4.899	12.0	24.0	1.0	24.0	0.0001	0.0001
246	20.55	HZD^245	0.0001	5.831	17.0	34.0	1.0	34.0	0.0001	0.0001
247	11.78	HZD^246	0.4851	3.7417	7.0	14.0	0.7	14.0	0.3	0.3529
248	26.00	HZD^247	0.0001	4.7958	11.5	23.0	1.0	23.0	0.0001	0.0001
249	21.07	HZD^248	0.2018	4.899	12.0	24.0	0.8889	24.0	0.1111	0.1765
250	25.57	HZD^249	0.0001	4.899	12.0	24.0	1.0	24.0	0.0001	0.0001
251	18.57	HZD^250	0.0001	5.099	13.0	26.0	1.0	26.0	0.0001	0.0001
252	19.78	HZD^251	0.0001	5.6569	16.0	32.0	1.0	32.0	0.0001	0.0001
253	18.91	HZD^252	0.0767	5.0	12.5	25.0	0.9615	25.0	0.0385	0.0588
254	20.25	HZD^253	0.0001	5.2915	14.0	28.0	1.0	28.0	0.0001	0.0001
255	22.79	HZD^254	0.0001	5.6569	16.0	32.0	1.0	32.0	0.0001	0.0001
256	23.84	HZD^255	0.0767	5.0	12.5	25.0	0.9615	25.0	0.0385	0.0588
257	19.38	HZD^256	0.0001	4.7958	11.5	23.0	1.0	23.0	0.0001	0.0001
258	22.08	HZD^257	0.0001	5.0	12.5	25.0	1.0	25.0	0.0001	0.0001
259	21.94	HZD^258	0.0001	5.1962	13.5	27.0	1.0	27.0	0.0001	0.0001
260	22.17	HZD^259	0.0001	5.4772	15.0	30.0	1.0	30.0	0.0001	0.0001
261	17.94	HZD^260	0.2801	4.5826	10.5	21.0	0.84	21.0	0.16	0.2353
262	24.64	HZD^261	0.0001	5.4772	15.0	30.0	1.0	30.0	0.0001	0.0001
263	26.33	HZD^262	0.0001	5.1962	13.5	27.0	1.0	27.0	0.0001	0.0001
264	18.96	HZD^263	0.0001	5.0	12.5	25.0	1.0	25.0	0.0001	0.0001
265	22.13	HZD^264	0.0001	5.2915	14.0	28.0	1.0	28.0	0.0001	0.0001
266	28.72	HZD^265	0.0001	5.099	13.0	26.0	1.0	26.0	0.0001	0.0001
267	21.83	HZD^266	0.0767	5.0	12.5	25.0	0.9615	25.0	0.0385	0.0588
268	17.13	HZD^267	0.0731	5.099	13.0	26.0	0.963	26.0	0.037	0.0588
269	23.02	HZD^268	0.0001	5.2915	14.0	28.0	1.0	28.0	0.0001	0.0001
270	18.21	HZD^269	0.1534	4.7958	11.5	23.0	0.92	23.0	0.08	0.1176
271	20.95	HZD^270	0.1252	5.2915	14.0	28.0	0.9333	28.0	0.0667	0.1176
272	15.14	HZD^271	0.3835	4.1231	8.5	17.0	0.7727	17.0	0.2273	0.2941
273	24.37	HZD^272	0.0001	5.4772	15.0	30.0	1.0	30.0	0.0001	0.0001
274	21.47	HZD^273	0.0001	5.3852	14.5	29.0	1.0	29.0	0.0001	0.0001
275	23.19	HZD^274	0.0001	5.099	13.0	26.0	1.0	26.0	0.0001	0.0001
276	22.38	HZD^275	0.0001	5.5678	15.5	31.0	1.0	31.0	0.0001	0.0001
277	16.04	HZD^276	0.6482	3.3166	5.5	11.0	0.5238	11.0	0.4762	0.5882
278	26.54	HZD^277	0.0001	5.2915	14.0	28.0	1.0	28.0	0.0001	0.0001
279	24.09	HZD^278	0.0001	4.899	12.0	24.0	1.0	24.0	0.0001	0.0001
280	21.80	HZD^279	0.0001	5.4772	15.0	30.0	1.0	30.0	0.0001	0.0001
281	20.82	HZD^280	0.0001	5.2915	14.0	28.0	1.0	28.0	0.0001	0.0001
282	25.29	HZD^281	0.0001	5.2915	14.0	28.0	1.0	28.0	0.0001	0.0001
283	23.57	HZD^282	0.0001	4.899	12.0	24.0	1.0	24.0	0.0001	0.0001
284	23.85	HZD^283	0.0001	5.3852	14.5	29.0	1.0	29.0	0.0001	0.0001
285	17.30	HZD^284	0.5294	4.0	8.0	16.0	0.64	16.0	0.36	0.5294
286	22.88	HZD^285	0.0001	5.0	12.5	25.0	1.0	25.0	0.0001	0.0001
287	22.88	HZD^286	0.0001	5.099	13.0	26.0	1.0	26.0	0.0001	0.0001
288	22.25	HZD^287	0.0001	5.0	12.5	25.0	1.0	25.0	0.0001	0.0001
289	20.38	HZD^288	0.0001	5.1962	13.5	27.0	1.0	27.0	0.0001	0.0001
290	23.29	HZD^289	0.0001	5.2915	14.0	28.0	1.0	28.0	0.0001	0.0001
291	18.86	HZD^290	0.0001	5.0	12.5	25.0	1.0	25.0	0.0001	0.0001
292	20.33	HZD^291	0.1715	4.5826	10.5	21.0	0.913	21.0	0.087	0.1176
293	21.97	HZD^292	0.0001	5.1962	13.5	27.0	1.0	27.0	0.0001	0.0001
294	22.46	HZD^293	0.0001	5.2915	14.0	28.0	1.0	28.0	0.0001	0.0001
295	11.95	HZD^294	0.4901	3.873	7.5	15.0	0.6818	15.0	0.3182	0.4118
296	25.37	HZD^295	0.0001	5.2915	14.0	28.0	1.0	28.0	0.0001	0.0001
297	19.31	HZD^296	0.0648	5.3852	14.5	29.0	0.9667	29.0	0.0333	0.0588
298	22.43	HZD^297	0.0001	5.4772	15.0	30.0	1.0	30.0	0.0001	0.0001
299	22.92	HZD^298	0.0001	5.099	13.0	26.0	1.0	26.0	0.0001	0.0001
300	24.59	HZD^299	0.0001	4.899	12.0	24.0	1.0	24.0	0.0001	0.0001
301	20.42	HZD^300	0.0001	5.2915	14.0	28.0	1.0	28.0	0.0001	0.0001
302	22.01	HZD^301	0.0001	5.3852	14.5	29.0	1.0	29.0	0.0001	0.0001
303	11.66	HZD^302	0.4709	4.0	8.0	16.0	0.6957	16.0	0.3043	0.4118
304	22.26	HZD^303	0.0001	5.2915	14.0	28.0	1.0	28.0	0.0001	0.0001
305	20.98	HZD^304	0.0001	5.5678	15.5	31.0	1.0	31.0	0.0001	0.0001
306	19.11	HZD^305	0.1463	4.899	12.0	24.0	0.9231	24.0	0.0769	0.1176
307	25.26	HZD^306	0.0001	5.3852	14.5	29.0	1.0	29.0	0.0001	0.0001
308	21.29	HZD^307	0.1463	4.899	12.0	24.0	0.9231	24.0	0.0769	0.1176
309	23.43	HZD^308	0.0001	5.2915	14.0	28.0	1.0	28.0	0.0001	0.0001
310	20.02	HZD^309	0.0001	5.831	17.0	34.0	1.0	34.0	0.0001	0.0001
311	19.05	HZD^310	0.3234	4.2426	9.0	18.0	0.8182	18.0	0.1818	0.2353
312	17.67	HZD^311	0.21	4.7958	11.5	23.0	0.8846	23.0	0.1154	0.1765
313	20.72	HZD^312	0.0001	5.4772	15.0	30.0	1.0	30.0	0.0001	0.0001
314	24.13	HZD^313	0.0001	5.1962	13.5	27.0	1.0	27.0	0.0001	0.0001
315	20.18	HZD^314	0.0001	5.0	12.5	25.0	1.0	25.0	0.0001	0.0001
316	20.60	HZD^315	0.0001	5.6569	16.0	32.0	1.0	32.0	0.0001	0.0001
317	16.18	HZD^316	0.07	5.1962	13.5	27.0	0.9643	27.0	0.0357	0.0588
318	24.46	HZD^317	0.0001	5.5678	15.5	31.0	1.0	31.0	0.0001	0.0001
319	13.87	HZD^318	0.5369	3.6056	6.5	13.0	0.65	13.0	0.35	0.4118
320	10.02	HZD^319	0.5119	3.7417	7.0	14.0	0.6667	14.0	0.3333	0.4118
321	18.18	HZD^320	0.0001	5.0	12.5	25.0	1.0	25.0	0.0001	0.0001
322	21.81	HZD^321	0.0001	5.4772	15.0	30.0	1.0	30.0	0.0001	0.0001
323	28.04	HZD^322	0.0001	4.6904	11.0	22.0	1.0	22.0	0.0001	0.0001
324	23.76	HZD^323	0.0001	5.3852	14.5	29.0	1.0	29.0	0.0001	0.0001
325	18.50	HZD^324	0.0001	5.5678	15.5	31.0	1.0	31.0	0.0001	0.0001
326	24.84	HZD^325	0.0001	5.3852	14.5	29.0	1.0	29.0	0.0001	0.0001
327	19.26	HZD^326	0.1617	4.6904	11.0	22.0	0.9167	22.0	0.0833	0.1176
328	20.81	HZD^327	0.0001	5.3852	14.5	29.0	1.0	29.0	0.0001	0.0001
329	21.76	HZD^328	0.0001	5.3852	14.5	29.0	1.0	29.0	0.0001	0.0001
330	28.10	HZD^329	0.0001	5.099	13.0	26.0	1.0	26.0	0.0001	0.0001
331	22.06	HZD^330	0.0001	5.1962	13.5	27.0	1.0	27.0	0.0001	0.0001
332	18.91	HZD^331	0.0001	5.1962	13.5	27.0	1.0	27.0	0.0001	0.0001
333	15.83	HZD^332	0.3835	4.1231	8.5	17.0	0.7727	17.0	0.2273	0.2941
334	20.98	HZD^333	0.0001	5.1962	13.5	27.0	1.0	27.0	0.0001	0.0001
335	25.85	HZD^334	0.0001	5.1962	13.5	27.0	1.0	27.0	0.0001	0.0001
336	16.89	HZD^335	0.2353	5.099	13.0	26.0	0.8667	26.0	0.1333	0.2353
337	25.31	HZD^336	0.0001	5.4772	15.0	30.0	1.0	30.0	0.0001	0.0001
338	22.30	HZD^337	0.0001	5.099	13.0	26.0	1.0	26.0	0.0001	0.0001
339	19.67	HZD^338	0.0626	5.4772	15.0	30.0	0.9677	30.0	0.0323	0.0588
340	20.18	HZD^339	0.0001	5.1962	13.5	27.0	1.0	27.0	0.0001	0.0001
341	13.68	HZD^340	0.3131	4.6904	11.0	22.0	0.8148	22.0	0.1852	0.2941
342	23.17	HZD^341	0.0001	5.4772	15.0	30.0	1.0	30.0	0.0001	0.0001
343	15.04	HZD^342	0.2925	4.4721	10.0	20.0	0.8333	20.0	0.1667	0.2353
344	25.68	HZD^343	0.0001	5.4772	15.0	30.0	1.0	30.0	0.0001	0.0001
345	23.08	HZD^344	0.0001	5.4772	15.0	30.0	1.0	30.0	0.0001	0.0001
346	25.35	HZD^345	0.0001	5.099	13.0	26.0	1.0	26.0	0.0001	0.0001
347	21.08	HZD^346	0.0808	4.899	12.0	24.0	0.96	24.0	0.04	0.0588
348	10.12	HZD^347	0.3656	4.2426	9.0	18.0	0.7826	18.0	0.2174	0.2941
349	24.22	HZD^348	0.0001	5.2915	14.0	28.0	1.0	28.0	0.0001	0.0001
350	21.92	HZD^349	0.0001	5.5678	15.5	31.0	1.0	31.0	0.0001	0.0001
351	22.94	HZD^350	0.0001	5.0	12.5	25.0	1.0	25.0	0.0001	0.0001
352	22.40	HZD^351	0.0001	5.2915	14.0	28.0	1.0	28.0	0.0001	0.0001
353	22.77	HZD^352	0.0001	5.099	13.0	26.0	1.0	26.0	0.0001	0.0001
354	21.70	HZD^353	0.0001	5.1962	13.5	27.0	1.0	27.0	0.0001	0.0001
355	25.45	HZD^354	0.0001	5.2915	14.0	28.0	1.0	28.0	0.0001	0.0001
356	23.88	HZD^355	0.0001	4.899	12.0	24.0	1.0	24.0	0.0001	0.0001
357	21.57	HZD^356	0.0001	5.7446	16.5	33.0	1.0	33.0	0.0001	0.0001
358	24.47	HZD^357	0.0001	5.6569	16.0	32.0	1.0	32.0	0.0001	0.0001
359	22.84	HZD^358	0.0001	5.2915	14.0	28.0	1.0	28.0	0.0001	0.0001
360	22.33	HZD^359	0.2194	4.6904	11.0	22.0	0.88	22.0	0.12	0.1765
361	18.56	HZD^360	0.07	5.1962	13.5	27.0	0.9643	27.0	0.0357	0.0588
362	21.45	HZD^361	0.0001	5.3852	14.5	29.0	1.0	29.0	0.0001	0.0001
363	13.66	HZD^362	0.14	5.0	12.5	25.0	0.9259	25.0	0.0741	0.1176
364	10.17	HZD^363	0.4388	4.0	8.0	16.0	0.7273	16.0	0.2727	0.3529
365	22.20	HZD^364	0.0001	5.3852	14.5	29.0	1.0	29.0	0.0001	0.0001
366	20.84	HZD^365	0.0001	5.6569	16.0	32.0	1.0	32.0	0.0001	0.0001
367	23.55	HZD^366	0.0001	5.7446	16.5	33.0	1.0	33.0	0.0001	0.0001
368	27.81	HZD^367	0.0001	5.1962	13.5	27.0	1.0	27.0	0.0001	0.0001
369	22.48	HZD^368	0.0001	5.099	13.0	26.0	1.0	26.0	0.0001	0.0001
370	15.88	HZD^369	0.6888	3.1623	5.0	10.0	0.4762	10.0	0.5238	0.6471
371	17.82	HZD^370	0.0731	5.099	13.0	26.0	0.963	26.0	0.037	0.0588
372	21.19	HZD^371	0.0001	5.2915	14.0	28.0	1.0	28.0	0.0001	0.0001
373	23.09	HZD^372	0.0001	5.2915	14.0	28.0	1.0	28.0	0.0001	0.0001
374	23.68	HZD^373	0.0731	5.099	13.0	26.0	0.963	26.0	0.037	0.0588
375	26.26	HZD^374	0.0001	5.2915	14.0	28.0	1.0	28.0	0.0001	0.0001
376	22.50	HZD^375	0.0001	5.1962	13.5	27.0	1.0	27.0	0.0001	0.0001
377	21.49	HZD^376	0.0588	5.6569	16.0	32.0	0.9697	32.0	0.0303	0.0588
378	23.10	HZD^377	0.0001	5.3852	14.5	29.0	1.0	29.0	0.0001	0.0001
379	21.44	HZD^378	0.0001	5.5678	15.5	31.0	1.0	31.0	0.0001	0.0001
380	21.32	HZD^379	0.0001	5.0	12.5	25.0	1.0	25.0	0.0001	0.0001
381	17.63	HZD^380	0.1833	4.4721	10.0	20.0	0.9091	20.0	0.0909	0.1176
382	24.86	HZD^381	0.0001	5.2915	14.0	28.0	1.0	28.0	0.0001	0.0001
383	20.98	HZD^382	0.0001	5.4772	15.0	30.0	1.0	30.0	0.0001	0.0001
384	22.79	HZD^383	0.0001	5.6569	16.0	32.0	1.0	32.0	0.0001	0.0001
385	26.44	HZD^384	0.0001	4.899	12.0	24.0	1.0	24.0	0.0001	0.0001
386	23.41	HZD^385	0.0001	5.4772	15.0	30.0	1.0	30.0	0.0001	0.0001
387	26.78	HZD^386	0.0001	4.899	12.0	24.0	1.0	24.0	0.0001	0.0001
388	20.29	HZD^387	0.0731	5.099	13.0	26.0	0.963	26.0	0.037	0.0588
389	21.10	HZD^388	0.0001	5.2915	14.0	28.0	1.0	28.0	0.0001	0.0001
390	26.00	HZD^389	0.0001	5.099	13.0	26.0	1.0	26.0	0.0001	0.0001
391	19.70	HZD^390	0.0001	5.099	13.0	26.0	1.0	26.0	0.0001	0.0001
392	13.87	HZD^391	0.501	4.0	8.0	16.0	0.6667	16.0	0.3333	0.4706
393	25.44	HZD^392	0.0001	5.1962	13.5	27.0	1.0	27.0	0.0001	0.0001
394	19.33	HZD^393	0.0001	5.2915	14.0	28.0	1.0	28.0	0.0001	0.0001
395	24.38	HZD^394	0.0001	5.4772	15.0	30.0	1.0	30.0	0.0001	0.0001
396	25.11	HZD^395	0.0001	5.1962	13.5	27.0	1.0	27.0	0.0001	0.0001
397	24.03	HZD^396	0.0001	5.831	17.0	34.0	1.0	34.0	0.0001	0.0001
398	21.27	HZD^397	0.0001	5.6569	16.0	32.0	1.0	32.0	0.0001	0.0001
399	22.81	HZD^398	0.0001	4.899	12.0	24.0	1.0	24.0	0.0001	0.0001
400	21.20	HZD^399	0.0001	5.2915	14.0	28.0	1.0	28.0	0.0001	0.0001
401	23.45	HZD^400	0.0001	5.3852	14.5	29.0	1.0	29.0	0.0001	0.0001
